{
  "homepage":" https://moonlyong.github.io/react-app/",
  "name": "my-pj",
  "version": "0.1.0",
  "private": true,
  "dependencies": {
    "@fortawesome/fontawesome-svg-core": "^6.5.0",
    "@fortawesome/free-brands-svg-icons": "^6.5.0",
    "@fortawesome/free-regular-svg-icons": "^6.5.0",
    "@fortawesome/free-solid-svg-icons": "^6.5.0",
    "@fortawesome/react-fontawesome": "^0.2.0",
    "@testing-library/jest-dom": "^5.17.0",
    "@testing-library/react": "^13.4.0",
    "@testing-library/user-event": "^13.5.0",
    "jquery": "^3.7.1",
    "jquery-ui-dist": "^1.13.2",
    "jquery-ui-touch-punch": "^0.2.3",
    "react": "^18.2.0",
    "react-dom": "^18.2.0",
    "react-router-dom": "^6.18.0",
    "react-scripts": "5.0.1",
    "react-scroll": "^1.9.0",
    "swiper": "^11.0.5",
    "web-vitals": "^2.1.4"
  },
  "scripts": {
    "start": "react-scripts start",
    "build": "react-scripts build",
    "test": "react-scripts test",
    "eject": "react-scripts eject",
    "predeploy": "npm run build",
    "deploy": "gh-pages -d build"
  },
  "eslintConfig": {
    "extends": [
      "react-app",
      "react-app/jest"
    ]
  },
  "browserslist": {
    "production": [
      ">0.2%",
      "not dead",
      "not op_mini all"
    ],
    "development": [
      "last 1 chrome version",
      "last 1 firefox version",
      "last 1 safari version"
    ]
  }
}
